brand,product_title,price,rating,review_count,satisfied
ASUS,"RT-AX86U Pro (AX5700) Dual Band WiFi 6 Extendable Gaming Router, 2.5G Port, Gaming Port, Mobile Game Mode, Port Forwarding, Subscription-free Network Security, VPN, AiMesh Compatible",1049.98,4.3,91,1
ASUS,"ROG Strix Scar 15 (2020) Gaming Laptop, 15.6? 240Hz IPS Type FHD, NVIDIA GeForce RTX 2070 Super, Intel Core i7-10875H, 16GB DDR4, 1TB PCIe NVMe SSD, Per-Key RGB KB, Windows 10, G532LWS-DS76",4799.0,4.2,273,1
ASUS,TUF Gaming F14 FA401UU-RG004W 1st 14inch Gaming Laptop/AMD Ryzen R7-8845HS - AI up to 38 TOPs/16GB RAM/1TB SSD/NVIDIA GeForce RTX 4050 6GB/14 2.5K - 165Hz/Windows 11/Copilot PC Key- Jaeger Gray,4999.0,5.0,1,1
ASUS,"TUF Gaming FA401WU-RG006W AMD Ryzen AI 9 HX 370 Laptop 14"" WQXGA 16GB LPDDR5x-SDRAM 1TB SSD NVIDIA GeForce RTX 4050 Wi-Fi 6E (802.11ax) Windows 11 Home Grey",4884.35,2.0,2,0
ASUS,"ROG Strix G16 (2023) Gaming Laptop, 16” 16:10 FHD 165Hz, GeForce RTX 4060, Intel Core i7-13650HX, 16GB DDR5, 512GB PCIe SSD, Wi-Fi 6E, Windows 11, G614JV-AS73, Eclipse Gray",4635.0,4.5,1246,1
ASUS,"ROG Strix G16 G614JU-N3111W Eclipse Gray Gaming Laptop, i7-13650HX 16GB 1TB PCIE 4.0 SSD, NV RTX 4050, 6GB VRAM, WIN11 HOME, 16-inch 165Hz, HD Webcam, Backlit-RGB-Eng-Arb-KB",5099.0,4.5,2,1
ASUS,"ROG Zephyrus G16 Gaming Laptop 16.0"" 165Hz IPS WUXGA Display (Intel i7-13620H, GeForce RTX 4070 8GB, 16GB DDR4, 512GB PCIe SSD, RGB KB, Thunderbolt 4, Win 11 Pro) w/DKZ USB Port Expander",4689.0,3.8,12,0
ASUS,"TUF Gaming F15 FX507ZC4 Laptop, 15.6"" FHD IPS 144Hz Display, Intel Core i5-12500H, 16GB RAM, 512GB SSD, NVIDIA GeForce RTX 3050 4GB GPU, US ENG Backlit KB, DOS, Jaeger Gray",2615.0,5.0,1,1
ASUS,"TUF Gaming A16 Gaming Laptop, AMD Ryzen 9 7940HX, 32 GB DDR5 RAM, 2 TB PCIe SSD, 16” QHD+ (2560x1600), Nvidia G-Force RTX 4070, W11 Pro",6811.09,5.0,1,1
ASUS,"Rog Strix G18 Gaming Laptop, 18"" QHD Display, Intel Core i9-13980HX, 64 GB DDR5 RAM, 4 TB PCIe SSD, NVIDIA GeForce RTX 4070, Backlit Keyboard, Windows 11 Home, Gray",9749.0,4.5,2,1
ASUS,"ROG Strix G16 Gaming Laptop, 16"" 165Hz FHD IPS Display, Intel Core i7-13650HX, 16GB DDR5 RAM, 1TB SSD, NVIDIA GeForce RTX 4060, Wi-Fi 6E, English Keyboard, Windows 11 Home",10454.0,8.8,1326,2
ASUS,TUF Gaming A15 FA507NUR-LP053W AMD R7-7435HS/16GB RAM/1TB SSD/NVIDIA GeForce RTX 4050 6GB/15.6 FHD(1920x1080) 144Hz/Windows11 Home/1-Zone RGB/English -Arabic keyboard- Mecha Gray,3119.0,3.5,9,0
ASUS,ROG BP4701 Gaming Backpack,246.0,4.5,356,1
ASUS,TUF Gaming A15 FA507NVR-LP005 AMD R7-7435HS/16GB RAM/512GB SSD/NVIDIA GeForce RTX 4060 8GB/15.6 FHD 144Hz/Windows 11 Pro/1-Zone RGB - Mecha Gray (Upgraded),3266.0,1.0,1,0
ASUS,"Vivobook S 16 Flip 16"" WUXGA Touchscreen Laptop, Intel 14Cores i9-13900H, 1080p Webcam, Harman/Kardon, Wi-Fi 6E, Backlit KB, Win 11H, w/Pen (40GB RAM | 2TB SSD)",4309.41,4.2,7,1
ASUS,Zenbook 14 OLED UM3402YA-KM766W AMD R5-7430U /8GB RAM /512GB SSD/14 3K(2880x1800) OLED 90Hz/Windows 11 Home - Jade Black,2511.58,5.0,6,1
ASUS,"Vivobook 14 X1404Z Laptop With 14-Inch HD Display, Core i3-1215U Processor/8GB DDR4 RAM/512GB SSD/Intel UHD Graphics/Backlit Chiclet Keyboard/Windows-11 English",1170.0,3.1,6,0
ASUS,"TUF Gaming F15 FX506HC-HN111W (Graphite Black) Gaming Laptop, I5-11400H 8GB 512GB PCIE G3 SSD, NV RTX3050, WIN11 HOME, 15.6 inch FHD 1920X1080 16:9 144Hz, HD Webcam, RGB-Backlit-Eng-Arb-KB.",2132.57,4.1,40,1
ASUS,TUF Gaming A16 Laptop - AMD Ryzen 7 7735HS - RX7700S Beat RTX 3060-16 WUXGA 165Hz Display - RGB Backlit Keyboard - Thunderbolt 4 - Webcam - HDMI Cable - 2024 (64GB RAM |2TB PCIe SSD),4381.17,3.6,3,0
ASUS,"TUF Gaming A16 (2024) Copilot+ PC Gaming Laptop, 16” 16:10 165Hz Display, AMD Ryzen AI 9 HX 370, NVIDIA® GeForce RTX 4060, 32GB LPDDR5X, 1TB PCIe Gen 4.0 SSD, Wi-Fi 6E, Windows 11, FA608WV-AB96",6698.09,4.0,5,1
ASUS,"TUF Gaming A16 Laptop 16"" FHD+ 165Hz 7ms 100% sRGB AMD Octa-core Ryzen 7 7735HS 16GB RAM 512GB SSD Radeon RX 7700S 8GB (>RTX4060) Backlit USB-C USB4 Fast Charging Win11 w/ICP Accessory",3512.94,3.8,6,0
ASUS,"TUF Gaming A16 (2024) Copilot+ PC Gaming Laptop, 16” 16:10 165Hz Display, AMD Ryzen AI 9 HX 370, NVIDIA® GeForce RTX 4060, 32GB LPDDR5X, 1TB PCIe Gen 4.0 SSD, Wi-Fi 6E, Windows 11, FA608WV-AB96",6698.09,4.0,5,1
ASUS,"ROG Zephyrus G16 Gaming Laptop 16.0"" 165Hz IPS WUXGA Display (Intel i7-13620H, GeForce RTX 4070 8GB, 16GB DDR4, 512GB PCIe SSD, RGB KB, Thunderbolt 4, Win 11 Pro) w/DKZ USB Port Expander",4689.0,3.8,12,0
ASUS,"ROG Zephyrus Duo Gaming Laptop, 15.6"" UHD 4K Gsync + Secondary Display, Core i9-10980HK, NVIDIA GeForce RTX 2080 Super, 32GB DDR4, 2TB RAID 0, Thunderbolt 3, Wi-Fi 6, Win10 Pro, GX550LXS-XS99",36135.99,4.4,31,1
ASUS,TUF Gaming A15 FA507NVR-LP023W AMD R7-7435HS/16GB RAM/1TBGB SSD/NVIDIA GeForce RTX 4060 8GB/15.6 FHD(1920x1080) 144Hz/Windows11 Home/1-Zone RGB/English - Arabic keyboard- Mecha Gray,3584.0,3.8,5,0
ASUS,"ROG Strix G16 (2024) Gaming Laptop, 16” 16:10 QHD 240Hz, GeForce RTX 4070, Intel® Core™ i9-14900HX, 32GB DDR5, 1TB PCIe SSD, Wi-Fi 6E, Windows 11 Pro, G614JIR-XS96",7986.2,4.2,31,1
ASUS,TUF Gaming A15 FA506NFR-HN004W AMD R7-7435HS/8GB RAM/512GB SSD/NVIDIA GeForce RTX 2050 4GB/15.6 FHD(1920x1080) 144Hz/Windows11 Home/1-Zone RGB/English - Arabic Keyboard - Graphite Black,2199.0,3.7,10,0
ASUS,"2024 Vivobook Go 11.6” HD Laptop, Intel Dual Core N4500, Intel Graphics, 4GB, 128GB, Windows 11 Home in S Mode, Star Black, L210KA-ES04",1010.2,4.2,9754,1
ASUS,"TUF Gaming A15 FA507 Laptop, 15.6"" FHD 144Hz Display, AMD Ryzen 7 7435HS CPU, 16GB DDR5 RAM, 512GB SSD, RTX 4060 8GB Graphics, Backlit RGB, Win 11, Black",3399.0,5.0,1,1
ASUS,"ROG Strix G16 G614JV Gaming Laptop, 16"" 2K FHD+ IPS 165Hz Display, Intel Core i9-13980HX, 16GB RAM, 1TB SSD, GeForce RTX 4060 8GB GPU, ENG Backlit K/B, Win 11, Eclipse Gray",6549.0,1.0,1,0
ASUS,"2023 Latest TUF Gaming Laptop 15.6"" FHD 144Hz Display Core I7-12700H 32GB 1TB SSD NVIDIA RTX 4060 8GB Graphics Backlit Eng Key WIN11 Grey With FREE Wireless Gaming Mouse",4835.0,4.3,3,1
ASUS,"Vivobook S 16 Flip TP3604VA Laptop, 16"" WUXGA IPS 60Hz Touch Display, Intel Core i9-13900H, 16GB RAM, 1TB SSD, Intel HD Graphics, English Keyboard, Win11, Midnight Black | 90NB1051-M00870",3173.0,4.5,2,1
ASUS,"Vivobook Pro 15 Q533MJ Laptop, 15.6"" FHD OLED 60Hz Display, Intel Core Ultra 7 Processor 155H, 16GB RAM, 1TB SSD, GeForce RTX 3050 6GB, English Keyboard, Win11, Grey",3389.0,3.9,8,0
ASUS,"Vivobook Go 15 (E510) - Includes 8GB Flash Drive + Wireless Mouse + Mouse Pad, 15.6 inch Laptop, Intel Celeron Processor, 8GB RAM, 512GB SSD, Windows 11 Pro (Upgrade)",1098.95,3.5,3,0
ASUS,"Vivobook 14 X1404Z Laptop With 14-Inch HD Display, Core i3-1215U Processor/8GB DDR4 RAM/512GB SSD/Intel UHD Graphics/Backlit Chiclet Keyboard/Windows-11 English",1170.0,3.1,6,0
ASUS,"Vivobook Go 15 (E510) - Includes 8GB Flash Drive + Wireless Mouse + Mouse Pad, 15.6 inch Laptop, Intel Celeron Processor, 8GB RAM, 512GB SSD, Windows 11 Pro (Upgrade)",1098.95,3.5,3,0
ASUS,"TUF Gaming Laptop 2024 - AMD Ryzen 7 7735HS Beat i7-12650H - RTX 3050 - Backlit Keyboard RGB - 15.6"" FHD Display 144Hz - 32GB DDR5 RAM - 1TB PCIe SSD - Gaming PC - HDMI Cable",3846.46,4.7,4,1
ASUS,"TUF Gaming F16 Gaming Laptop, 16” FHD+ 165Hz 16:10 Display, Intel® Core™ i7-13650HX, NVIDIA® GeForce RTX™ 4060, 16GB DDR5, 512GB PCIe Gen4 SSD, Wi-Fi 6, Windows 11, FX607JV-ES73",4484.97,4.4,41,1
ASUS,TUF Gaming F14 FA401UU-RG004W 1st 14inch Gaming Laptop/AMD Ryzen R7-8845HS - AI up to 38 TOPs/16GB RAM/1TB SSD/NVIDIA GeForce RTX 4050 6GB/14 2.5K - 165Hz/Windows 11/Copilot PC Key- Jaeger Gray,4999.0,5.0,1,1
ASUS,TUF Gaming A16 Laptop -16inch WUXGA Display 165Hz 100% sRGB - AMD Ryzen7 7735HS Beat i7-12650H - AMD Radeon RX7600S Beat RTX 4060 - Backlit Keyboard - HDMI Cable (64GB RAM |2TB PCIe SSD),4419.73,2.0,1,0
ASUS,"ROG Strix SCAR 18 (2025) Gaming Laptop, 18” ROG Nebula HDR 16:10 2.5K 240Hz/3ms, NVIDIA GeForce RTX 5090, Intel Core Ultra 9 275HX, 32GB DDR5, 2TB PCIe Gen 4 SSD, Wi-Fi 7, Win 11 Pro, G835LX-XS97",17604.72,3.9,26,0
ASUS,TUF Gaming A16 Laptop - AMD Ryzen 7 7735HS - RX7700S Beat RTX 3060-16 WUXGA 165Hz Display - RGB Backlit Keyboard - Thunderbolt 4 - Webcam - HDMI Cable - 2024 (64GB RAM |2TB PCIe SSD),4381.17,3.6,3,0
ASUS,"TUF Gaming A16 Laptop 16"" FHD+ 165Hz 7ms 100% sRGB AMD Octa-core Ryzen 7 7735HS 16GB RAM 512GB SSD Radeon RX 7700S 8GB (>RTX4060) Backlit USB-C USB4 Fast Charging Win11 w/ICP Accessory",3512.94,3.8,6,0
ASUS,"TUF F15 FX507ZV4-LP052W (Mecha Gray), Gaming Laptop, I7-12700H 16GB 1TB PCIE G3 SSD, NV RTX4060, 8GB VRAM, WIN11 HOME, 15.6-inch FHD 1920X1080 16:9 144Hz, HD Webcam, Backlit-RGB-Eng-Arb-KB",3940.0,4.8,6,1
ASUS,"TUF Gaming A16 (2024) Gaming Laptop, 16” QHD+ 165Hz 16:10 Display, AMD Ryzen™ 9 7940HX, NVIDIA® GeForce RTX™ 4070, 16GB DDR5, 1TB PCIe Gen4 SSD, Wi-Fi 6, Windows 11, FA607PI-AS94",8811.51,4.4,115,1
ASUS,Rog Zephyrus M Thin And Portable Gaming Laptop 15.6 144Hz Full Hd Ips Nvidia Geforce Gtx 1660 Ti Intel Core I7 9750H 16Gb Ddr4 Ram 512B Pcie Ssd Per Key Rgb Windows 10 Pro Gu502Gu Xb74 15-15.99,8702.99,4.2,39,1
ASUS,"2024 Vivobook Go 11.6” HD Laptop, Intel Dual Core N4500, Intel Graphics, 4GB, 128GB, Windows 11 Home in S Mode, Star Black, L210KA-ES04",1010.2,4.2,9754,1
ASUS,"TUF Gaming F16 Gaming Laptop, 16” FHD+ 165Hz 16:10 Display, Intel® Core™ i7-13650HX, NVIDIA® GeForce RTX™ 4060, 16GB DDR5, 512GB PCIe Gen4 SSD, Wi-Fi 6, Windows 11, FX607JV-ES73",4484.97,4.4,41,1
ASUS,"ROG Zephyrus G14 GA403UI-OLED7WPW Platinum White, Gaming Laptop, R7-7 8845HS 16GB 1TB PCIe 4.0 M.2 SSD, RTX 4070, 8GB VRAM, WIN11 Pro, 14 inch 3K 16:10 129Hz, Backlit-RGB-Eng-Arb-KB",7662.94,3.7,4,0
ASUS,"TUF Gaming A15 Gaming Laptop, 15.6” FHD 144Hz Display, NVIDIA® GeForce RTX™ 3050, AMD Ryzen™ 5 7535HS, 8GB DDR5, 512GB PCIe® Gen4 NVMe™ SSD, Wi-Fi 6, Windows 11, FA506NC-ES51",2160.0,4.5,5294,1
ASUS,"TUF Gaming A15 Gaming Laptop, 15.6"" FHD 144Hz, 100% sRGB Display, GeForce RTX 4050, AMD Ryzen 7 7435HS, 16GB DDR5, 512GB PCIe SSD, Wi-Fi 6, Windows 11, FA507NUR-AS73",3134.0,4.6,46,1
ASUS,"ROG Strix Scar 15 Gaming Laptop, 15.6"" 300Hz IPS Type FHD Display, NVIDIA GeForce RTX 3080, AMD Ryzen 9 5900HX, 16GB DDR4, 1TB SSD, Opti-Mechanical Per-Key RGB Keyboard, Windows 11, G533QS-DS94",6599.0,4.2,108,1
ASUS,"ROG Strix G17 G713AMD Ryzen 9 7845HX RAM 16GB SSD 1TB Laptop Gamer 17.3"" GeForce RTX 4060, S.O. Windows 11 Home Keyboard English Version.",5199.0,5.0,4,1
ASUS,"2022 TUF F15 15.6'' WQHD 144Hz Gaming Laptop, Intel 12th Core i7-12650H, NVIDIA GeForce RTX 3050 Graphics, 16GB DDR5 RAM, 1TB PCIe SSD, Backlit Keyboard, Win 11, Black, 32GB USB Card",3400.0,4.8,6,1
ASUS,"ROG Ranger BP2701 lightweight gaming backpack made of water-repellent material, with multiple pockets, fits up to a 17-inch laptop",489.0,4.7,244,1
ASUS,"ROG FLOW X16 Gaming laptop 16″ QHD+ 240Hz, 13th gen Intel Core i9-13900H, 16GB DDR5 ram, 1TB SSD, Nvidia Geforce RTX 4060 8GB Graphics, Windows 11, Off Black, Eng-RGB backlit Keyboard (Upgraded)",6775.0,1.0,1,0
ASUS,TUF Gaming A15 FA506NCR-HN044W AMD R7-7435HS/16GB RAM/512GB SSD/NVIDIA GeForce RTX 3050 4GB/15.6 FHD(1920x1080) 144Hz/Windows11 Home/1-Zone RGB/Eng-Arb Keyboard - Graphite Black,2599.0,4.4,11,1
ASUS,"2023 Latest TUF Gaming Laptop 15.6"" FHD 144Hz Display Core I7-12700H 32GB 1TB SSD NVIDIA RTX 4060 8GB Graphics Backlit Eng Key WIN11 Grey With FREE Wireless Gaming Mouse",4835.0,4.3,3,1
ASUS,"ROG Zephyrus G16 Gaming Laptop With 16″ FHD+ 165Hz, Intel Core i7-13620H, Ram 16GB DDR4, SSD 512GB NVMe, Nvidia RTX 4060 8GB GDDR6, Windows 11 home, English, Eclipse Gray (GU603VV) (Upgraded)",4790.0,3.9,11,0
ASUS,"ROG G16 Gaming Laptop (i9-13980HX/RTX 4070, 16GB/1TB)",7794.33,4.1,501,1
ASUS,"ROG Strix G16 G614JV Gaming Laptop, 16"" 2K FHD+ IPS 165Hz Display, Intel Core i9-13980HX, 16GB RAM, 1TB SSD, GeForce RTX 4060 8GB GPU, ENG Backlit K/B, Win 11, Eclipse Gray",6549.0,1.0,1,0
ASUS,"ROG Zephyrus G16 Gaming Laptop 16.0"" 165Hz IPS WUXGA Display Intel i7-13620H, GeForce RTX 4070 8GB, 24GB DDR4 1TB PCIe SSD, RGB KB, Thunderbolt 4, WiFi 6E Win 11 w/DKZ USB Port Expander- Upgraded",5599.0,4.0,1,1
ASUS,"ROG Zephyrus G16 Gaming Laptop-16 165Hz FHD (1920x1080) -Intel 13th Gen Core i7-13620H-NVIDIA GeForce RTX 4070-Thunderbolt 4-MUX Switch, W/Cloth (48GB RAM | 2TB PCIe SSD)",5960.0,5.0,2,1
ASUS,"ROG G16 Gaming Laptop (i9-13980HX/RTX 4070, 16GB/1TB)",7794.33,4.1,501,1
ASUS,"2022 TUF F15 15.6'' WQHD 144Hz Gaming Laptop, Intel 12th Core i7-12650H, NVIDIA GeForce RTX 3050 Graphics, 16GB DDR5 RAM, 1TB PCIe SSD, Backlit Keyboard, Win 11, Black, 32GB USB Card",3400.0,4.8,6,1
ASUS,"TUF Gaming A15 FA506NCR Laptop, 15.6"" FHD IPS 144Hz Display, AMD Ryzen 7 7435HS, 8GB RAM, 512GB SSD, GeForce RTX 3050 4GB GPU, ENG, Win 11, Graphite Black",2529.0,4.5,30,1
ASUS,"ROG Zephyrus G16 Gaming Laptop: Intel Core i7 13620H, RAM 16GB DDR4, 512GB SSD, 16"" LED Display, Video NVIDIA GeForce RTX 4070, S.O. Windows 11 Home, Keyboard English Version.",4817.0,5.0,1,1
ASUS,"TUF GAMING A15 FA507NVR-LP029 AMD RYZEN 7-7435HS 16GB DDR5 512GB PCIE SSD 8GB RTX4060 15.6"" FHD 144Hz FREEDOS",3325.0,5.0,1,1
ASUS,Vivobook Pro 15 OLED N6506MV-MA004W Intel Core Ultra 9-185H /24GB RAM/1TB SSD/NVIDIA GeForce RTX 4060 8GB/15.6 3K(2880x1620) OLED 120Hz/Winodws 11 Home - Earl Grey,5899.0,2.8,5,0
ASUS,"Vivobook Pro 15 OLED 2024 Gaming Laptop 15.6"" FHD 16-Core Intel Ultra 7 155H 16GB DDR5 1TB SSD NVIDIA GeForce RTX 3050 6GB Thunderbolt 4 Wi-Fi 6E Backlit Keyboard Win11 Home w/ONT 32GB USB",3816.86,4.0,2,1
ASUS,"TUF 2024 A15 Gaming Laptop, 15.6"" 144Hz FHD, 8-Core Ryzen 7 7435HS (Beats i7-13620H), NVIDIA RTX 3050 GPU, 32GB RAM, 2TB SSD + 256GB Portable SSD, RGB KB, RJ45, Keypad, Gamer Bundle, Win 11",3210.0,4.1,52,1
ASUS,Vivobook Pro 15 OLED N6506MU-MA011W Ultra 9-185H 16GB RAM/1TB SSD/NVIDIA GeForce RTX 4050 6GB/15.6 3K(2880x1620) OLED 120Hz/Windows 11 Home - Earl Grey,4759.0,2.8,5,0
ASUS,"Vivobook S 16 Flip 16"" WUXGA Touchscreen Laptop, Intel 14Cores i9-13900H, 1080p Webcam, Harman/Kardon, Wi-Fi 6E, Backlit KB, Win 11H, w/Pen (40GB RAM | 2TB SSD)",4309.41,4.2,7,1
ASUS,"TUF Gaming Laptop 2024 - AMD Ryzen 7 7735HS Beat i7-12650H - RTX 3050 - Backlit Keyboard RGB - 15.6"" FHD Display 144Hz - 32GB DDR5 RAM - 1TB PCIe SSD - Gaming PC - HDMI Cable",3846.46,4.7,4,1
ASUS,TUF A15 FA506NC-HN005 AMD Ryzen R5-7535HS/8GB RAM/512GB SSD/NVIDIA GeForce RTX 3050 4GB/15.6 FHD(1920x1080) 144Hz/Windows 11 Home/1-Zone RGB - Graphite Black,2159.0,3.4,43,0
ASUS,TUF Gaming Laptop RTX 4070 MUX 140W - i7-12700H - 15.6 FHD IPS Display 100% sRGB - RGB Backlit Keyboard - Thunderbolt4 USB C - G-SYNC - Wi-Fi 6 - Webcam - Mouse Pad (64GB RAM |2TB PCIe SSD),6721.1,3.4,8,0
ASUS,"TUF Gaming F15 FX507ZC4 Laptop, 15.6"" FHD IPS 144Hz Display, Intel Core i5-12500H, 16GB RAM, 512GB SSD, NVIDIA GeForce RTX 3050 4GB GPU, US ENG Backlit KB, DOS, Jaeger Gray",2615.0,5.0,1,1
ASUS,"ROG Zephyrus G14 GA403UI-OLED7WPW Platinum White, Gaming Laptop, R7-7 8845HS 16GB 1TB PCIe 4.0 M.2 SSD, RTX 4070, 8GB VRAM, WIN11 Pro, 14 inch 3K 16:10 129Hz, Backlit-RGB-Eng-Arb-KB",7662.94,3.7,4,0
ASUS,"TUF A15 FA506NFR-HN090 Gaming Laptop, AMD Ryzen™ 7 7435HS, 16GB Ram, 512GB SSD, Nvidia RTX 2050 4GB, 15.6″ FHD 144Hz, Win11 pro, Graphite Black, Eng RGB Backlit (Upgraded)",2255.0,5.0,3,1
ASUS,"ROG Strix G16 (2023) Gaming Laptop, 16” 16:10 FHD 165Hz, GeForce RTX 4060, Intel Core i7-13650HX, 16GB DDR5, 512GB PCIe SSD, Wi-Fi 6E, Windows 11, G614JV-AS73, Eclipse Gray",4635.0,4.5,1246,1
ASUS,"TUF Gaming A16 Laptop 16"" FHD+ 165Hz 7ms 100% sRGB AMD Octa-core Ryzen 7 7735HS 32GB RAM 1TB SSD Radeon RX 7600S 8GB Graphics (>RTX 4060) Backlit USB-C USB4 Fast Charging Win11 +HDMI Cable",3866.04,2.9,8,0
ASUS,"TUF Gaming A16 Laptop 16"" FHD+ 165Hz 7ms 100% sRGB AMD Octa-core Ryzen 7 7735HS 32GB RAM 1TB SSD Radeon RX 7600S 8GB Graphics (>RTX 4060) Backlit USB-C USB4 Fast Charging Win11 +HDMI Cable",3866.04,2.9,8,0
ASUS,"TUF A16 16'' FHD 165Hz Gaming Laptop, AMD Ryzen 7-7735HS, Radeon RX7600S V8G Graphics, 32GB DDR5 RAM, 1TB PCIe SSD, RGB Backlit Keyboard, Wi-Fi 6, HD Camera, Black, Win 11 Pro, 32GB USB Card",6044.5,4.8,4,1
ASUS,"TUF Gaming A16 Gaming Laptop, AMD Ryzen 9 7940HX, 32 GB DDR5 RAM, 2 TB PCIe SSD, 16” QHD+ (2560x1600), Nvidia G-Force RTX 4070, W11 Pro",6811.09,5.0,1,1
ASUS,"TUF Gaming A16 Gaming Laptop, 16” FHD+ 16:10 165Hz Display, AMD Ryzen™ 9 7940HX, NVIDIA® GeForce RTX™ 4060, 16GB DDR5, 512GB PCIe Gen4 SSD, Wi-Fi 6, Windows 11, FA607PV-AS93",5525.19,4.5,82,1
ASUS,"TUF Gaming A16 (2024) Gaming Laptop, 16” QHD+ 165Hz 16:10 Display, AMD Ryzen™ 9 7940HX, NVIDIA® GeForce RTX™ 4070, 16GB DDR5, 1TB PCIe Gen4 SSD, Wi-Fi 6, Windows 11, FA607PI-AS94",8811.51,4.4,115,1
ASUS,"TUF F15 15.6 inch FHD 144Hz Gaming Laptop Intel Core i7-13620H, 16GB DDR5, 1TB SSD, 8GB NVIDIA GeForce RTX 4060, Windows 11, English KB, Mecha Gray",3699.0,5.0,1,1
ASUS,"TUF Gaming A15 Gaming Laptop, 15.6"" FHD 144Hz, 100% sRGB Display, GeForce RTX 4050, AMD Ryzen 7 7435HS, 16GB DDR5, 512GB PCIe SSD, Wi-Fi 6, Windows 11, FA507NUR-AS73",3134.0,4.6,46,1
ASUS,"TUF F15 Gaming Laptop 15.6"" FHD 144Hz Intel 14-Core i7-12700H (Beat i9-11950H) 32GB RAM 1TB SSD GeForce RTX 4070 8GB Graphic Backlit Thunderbolt 4 USB-C Win11 Grey + HDMI Cable",4874.75,4.2,54,1
ASUS,"TUF Gaming A16 Gaming Laptop, 16” FHD+ 16:10 165Hz Display, AMD Ryzen™ 9 7940HX, NVIDIA® GeForce RTX™ 4060, 16GB DDR5, 512GB PCIe Gen4 SSD, Wi-Fi 6, Windows 11, FA607PV-AS93",5525.19,4.5,82,1
ASUS,"TUF F15 FX507VI 13th Gen Intel Core i7-13620H/16GB RAM DDR5/1TB SSD/NVIDIA GeForce RTX 4070 8GB/15.6' FHD(1920x1080) 144Hz/Windows 11 Home/1-Zone RGB, English KB- Mecha Gray (Upgraded)",4999.0,4.2,38,1
ASUS,"TUF A16 Laptop - AMD Gaming Laptop Ryzen 7 7735HS Beat i7-12650H - 16"" WUXGA Display 165Hz - 64GB RAM DDR5-2TB PCIe SSD - AMD Radeon RX7600S Beat RTX 4050 - RGB Backlit Keyboard - Portable SSD",4540.43,1.0,1,0
ASUS,"TUF A16 16'' FHD 165Hz Gaming Laptop, AMD Ryzen 7-7735HS, Radeon RX7600S V8G Graphics, 32GB DDR5 RAM, 1TB PCIe SSD, RGB Backlit Keyboard, Wi-Fi 6, HD Camera, Black, Win 11 Pro, 32GB USB Card",6044.5,4.8,4,1
ASUS,"ROG Strix G17 G713AMD Ryzen 9 7845HX RAM 16GB SSD 1TB Laptop Gamer 17.3"" GeForce RTX 4060, S.O. Windows 11 Home Keyboard English Version.",5199.0,5.0,4,1
ASUS,"TUF F15 FX507VV-I7161G (Jaeger Gray), Gaming Laptop, i7-13620H 16GB 1TB PCIE G3 SSD, NV RTX4060, 8GB VRAM, WIN11 HOME, 15.6-inch FHD 1920X1080 16:9 144Hz, HD Webcam, Backlit-RGB-Eng-Arb-KB",3749.0,4.0,24,1
ASUS,"ROG Strix G16 (2024) Gaming Laptop, 16” Nebula Display 16:10 QHD 240Hz, GeForce RTX 4060, Intel® Core™ i9-14900HX, 16GB DDR5-5600, 1TB PCIe SSD, Wi-Fi 6E, Windows 11, G614JVR-ES94",6200.0,4.0,89,1
ASUS,"TUF Gaming A15 Laptop, 15.6” FHD 144Hz Gaming Laptop, AMD Ryzen 7-7435HS, NVIDIA GeForce RTX 3050, 144Hz, 32GB DDR5, 1TB PCIe SSD, BK, Windows 11 Home, TWE Mouse Pad & Mouse",2999.0,3.4,16,0
ASUS,"ROG Zephyrus M16 GU603ZM-K8027W (Off Black) Gaming Laptop, I7-12700H 8GB 1TB SSD, NV RTX3060, WIN11 HOME, 16.0 inch WQXGA 2560 x 1600 16:10 165Hz/3ms, HD Webcam, Backlit-RGB-Eng-Arb-KB",6772.57,1.0,1,0
ASUS,"TUF F15 FX507ZC4-HN083W (Mecha Gray), Gaming Laptop, i5-12500H 16GB 512GB PCIE G3 SSD, NV RTX3050, 4GB Graphics WIN11 HOME, 15.6 inch FHD 16:9 144Hz, HD Webcam, Backlit-RGB-Eng-KB (Upgraded)",2626.0,4.2,51,1
ASUS,"TUF Gaming A15 Gaming Laptop, 2024, 15.6"" 1920x1080 144Hz, AMD 8-Core Ryzen 7 7435HS, NVIDIA GeForce RTX 3050, 8GB DDR5, 512GB SSD, Win11 Pro, RGB Backlit KB, Wi-Fi 6, BT5.3, 720p Camera, Black",2530.0,5.0,1,1
ASUS,"Vivobook Pro 15 OLED 2024 Gaming Laptop 15.6"" FHD 16-Core Intel Ultra 7 155H 16GB DDR5 1TB SSD NVIDIA GeForce RTX 3050 6GB Thunderbolt 4 Wi-Fi 6E Backlit Keyboard Win11 Home w/ONT 32GB USB",3816.86,4.0,2,1
ASUS,"ROG Zephyrus G14 14"" Gaming Laptop AMD Ryzen 9 16GB Memory NVIDIA GeForce RTX 2060 Max Q 1TB SSD Moonlight White, GA401IV-BR9N6",9546.99,4.3,181,1
ASUS,"TUF F15 FX507ZV4-LP052W (Mecha Gray), Gaming Laptop, I7-12700H 16GB 1TB PCIE G3 SSD, NV RTX4060, 8GB VRAM, WIN11 HOME, 15.6-inch FHD 1920X1080 16:9 144Hz, HD Webcam, Backlit-RGB-Eng-Arb-KB",3940.0,4.8,6,1
ASUS,"ROG Zephyrus Duo 16 GX650RX LO192W Black Gaming Laptop, R9 6900HX 32GB 2TB PCIE G3 SSD, NV RTX3080 Ti, WIN11 HOME, 16 inch QHD+ 16:10 2560 x 1600, WQXGA 165Hz, Backlit RGB Eng Arb KB",18563.04,5.0,2,1
ASUS,"ROG Strix Scar 17 (2021) Gaming Laptop, 17.3” 360Hz IPS FHD, NVIDIA GeForce RTX 3080, AMD Ryzen 9 5900HX, 16GB DDR4, 1TB SSD, Opti-Mechanical Per-Key RGB Keyboard, Windows 10 Pro, G733QSA-PB96",7709.0,3.3,15,0
ASUS,"TUF F15 Gaming Laptop 15.6"" FHD 144Hz Intel 14-Core i7-12700H (Beat i9-11950H) 32GB RAM 1TB SSD GeForce RTX 4070 8GB Graphic Backlit Thunderbolt 4 USB-C Win11 Grey + HDMI Cable",4874.75,4.2,54,1
LENOVO,"Legion 5 16IRX9 Gaming Laptop, AI-Enhanced Performance LA1 AI Chip, 16” WQXGA (2560x1600) 165Hz, Intel® Core™ i9-14900HX, 32GB DDR5 RAM, 1TB SSD, NVIDIA® RTX™ 4060 8GB, Win11 Home – Luna Grey",18095.92,11.7,21,0
LENOVO,"Legion 5 16IRX9 Gaming Laptop LA1 AI Chip, 16” WQXGA (2560x1600) 240Hz, Intel i9-14900HX, 32GB DDR5 RAM, 1TB SSD, RTX 4060 8GB, RGB Backlit Eng KB, Win11 Home, Luna Grey - 83DG00AGUS",6268.0,4.3,7,1
LENOVO,"LOQ Essential 15IAX9E Gaming Laptop (2025), Intel Core i7-12650HX, 16GB DDR5 Ram, 512GB SSD, Nvidia RTX 4050 6GB, 15.6"" FHD 144Hz 100% sRGB, Win11 Pro, Luna Grey, ENG-ARB Backlit [83LK001VAX]",2845.0,1.0,1,0
LENOVO,"LOQ 15IRX9 gaming laptop with AI chip, 13th gen Intel core i7-13650HX 16GB DDR5 ram 1TB SSD, Nvidia RTX 3050 6GB, 15.6″ FHD 144Hz 100% sRGB Win11, Luna Grey, Eng Backlit keyboard",3060.0,3.9,4,0
LENOVO,"LOQ 15IRX9 gaming laptop 15.6"" FHD 144Hz, 13th gen Intel core i7-13650HX, 16GB DDR5 ram, 512GB SSD, Nvidia Geforce RTX 3050 6GB, Windows 11 pro, Luna Grey, white backlit (Upgraded)",2972.0,3.4,6,0
LENOVO,"LOQ 15IRX9 Gaming Laptop, Intel Core i7-13650HX, 24GB Ram, 512GB SSD, Nvidia RTX 3050 6GB, 15.6″ FHD 144Hz, Win11 Pro, Luna Grey, ENG-ARB Backlit Keyboard",3077.0,5.0,1,1
LENOVO,"ThinkPad E14 Gen 5. Business Laptop 14"" FHD 300Nits Display 13thGen Core i7-13700H 16GB 1TB Intel Iris Xe Graphics FingerPrint WIN11 Pro Black Free WIRELESS Headset (UAE VERSION AND UPGRADED)",3084.0,4.1,12,1
LENOVO,"LOQ 15IAX9 Gaming laptop with LA1 AI chip intel core i5-12450HX 12GB DDR5 ram 512GB SSD Nvidia RTX 2050 4GB, 15.6″ FHD IPS 100% sRGB 144Hz, Win11 pro, Luna Grey, Eng backlit keyboard (Upgraded)",2199.0,5.0,4,1
LENOVO,"LOQ 15IAX9 Gaming Laptop, 15.6""FHD 100% sRGB 144Hz Display, Intel i5-12450HX, 24GB RAM, 512GB SSD, NVIDIA RTX 3050 6GB, Backlit Eng-Arb, Win11, Luna Grey [83GS0095AX]",2675.0,3.6,38,0
LENOVO,"Legion Pro 5 16IRX9 Gaming Laptop With AI Chip, 16""WQXGA 240Hz Display, Intel Core i7-14700HX, 32GB RAM, 1TB SSD, RTX 4070 8GB, Win11, RGB Eng-Arabic, 2Yr Premium Care, Onyx Grey - [83DF0007AX]",8299.0,4.2,2,1
LENOVO,"Legion Go, Handheld Gaming, AMD Ryzen Z1 Extreme Processor, 16GB RAM, 512GB SSD Storage, Integrated AMD Radeon GPU, 8.8""WQXGA 144Hz Display, Win11 [83E10055AX] 1Yr Accidental Damage Protection",2299.0,4.8,6,1
LENOVO,"LOQ 15IAX9 Gaming laptop with LA1 AI chip, intel core i5-12450HX 24GB DDR5 ram 512GB SSD Nvidia RTX 4050 6GB, 15.6"" FHD IPS 100% sRGB 144Hz Win11 pro, Luna Grey, Eng-Backlit keyboard (Upgraded)",2614.0,2.4,3,0
LENOVO,"LOQ 15IAX9 Gaming Laptop with LA1 AI Chip, 15.6"" FHD 144Hz Display, Intel i7-13650HX, 16GB RAM, 512GB SSD, RTX 4060 8GB, RGB Eng- Ar KB, Win 11, Luna Grey - [83DV0006AX]",3661.0,5.0,1,1
LENOVO,"LOQ 15IAX9 Gaming Laptop with LA1 AI Chip, 15.6"" FHD 144Hz Display, Intel i5-12450HX, 12GB RAM, 512GB SSD, RTX 3050 6GB, Backlit Eng- Ar KB, Win 11, Luna Grey - [83GS0079AX]",2475.0,4.3,25,1
LENOVO,"Legion 15.6 inch Recon Gaming Backpack GX40S69333, Black",170.0,4.6,2354,1
LENOVO,"LOQ 82XV002LUS Gaming Laptop 15.6"" FHD Display - Intel Core i5-13420H, 8GB DDR5 RAM -1TB SSD - NVIDIA GeForce RTX 3050 6GB Graphics, Windows 11 Home, English KB, Storm Grey.",2910.0,4.4,31,1
LENOVO,"LOQ 15ARP9 With AI Chip, 15.6"" FHD IPS 100% SRGB 144Hz Display, Ryzen 7 7435HS, 24GB RAM, 1TB SSD, RTX 4070 8GB GDDR6 GPU, Backlit Eng-Arb, Win11, Luna Grey - [83JC008CAX]",4379.0,3.0,1,0
LENOVO,"LOQ 15IRX9 Gaming Laptop, Intel Core i7-13650HX, 24GB Ram, 512GB SSD, Nvidia RTX 3050 6GB, 15.6″ FHD 144Hz, Win11 Pro, Luna Grey, ENG-ARB Backlit Keyboard",3075.0,5.0,1,1
LENOVO,"LOQ 15ARP9 Gaming Laptop with LA1 Chip, 15.6” FHD (1920x1080) 144Hz, AMD Ryzen™ 7 7435HS, 16GB DDR5 RAM, 1TB SSD, NVDIA RTX™ 4070 8GB, White BL Eng, Win11 (Luna Grey)+ Free NCTS RGB Cooling Pad",4499.0,3.2,4,0
LENOVO,"Legion 5 16IRX9 Gaming Laptop- Intel 24- Core i7-14650HX, 16GB, 1TB SSD, 16 Inch 165 Hz WQXGA 2560x1600, NVIDIA RTX 4060 8GB, Win 11, 4-Zone RGB Backlit, Luna Grey W/steeI Wireless Gaming Mouse",4960.0,5.0,1,1
LENOVO,"LOQ 15IAX9 Gaming Laptop, 15.6""FHD 100% sRGB 144Hz Display, Intel i5-12450HX, 24GB RAM, 512GB SSD, NVIDIA RTX 3050 6GB, Backlit Eng-Arb, Win11, Luna Grey [83GS0095AX]",2724.93,3.6,38,0
LENOVO,"LOQ 15IAX9 Gaming Laptop with LA1 AI Chip, 15.6"" FHD 144Hz Display, Intel i5-12450HX, 24GB RAM, 512GB SSD, RTX 4050 6GB, Backlit Eng- Ar KB, Win 11, Luna Grey - [83GS00C3AX]",3399.0,4.3,25,1
LENOVO,"LOQ 15.6"" 1920 x 1080 FHD 144Hz Gaming Notebook Intel Core i5-12450HX 12GB DDR5 512GB SSD NVIDIA GeForce 2050 4GB DDR6 Luna Grey",2165.0,5.0,3,1
LENOVO,"IdeaPad Slim 3 15IRH8 Laptop | 15.6"" FHD Intel Core i7-13620H 16GB RAM 512GB SSD | Camera FHD 1080p | Windows 11/Arctic Grey(UPGRADE)",1804.95,4.0,65,1
LENOVO,530 Wireless Mouse (Platinum Grey) with Battery GY50Z18984,65.0,4.5,4839,1
LENOVO,"IdeaPad Gaming 3 15ACH6 Laptop With 15.6-Inch FHD Display AMD Ryzen 5-5500H Processor,8GB RAM,512GB SSD, 4GB NVIDIA GeForce RTX 2050 Graphic Card, English-Arabic Keyboard,Shadow Black",2099.0,5.0,1,1
LENOVO,"Gaming 3 15ACH6 Gaming Laptop, 15.6"" FHD IPS 144hz Display, Ryzen 5 5500H, 8GB RAM, 512GB SSD, NVIDIA RTX 2050 4GB GDDR6, Backlit Eng-Arb KB, Win 11, Shadow Black [82K202CRAX]",2149.0,2.0,2,0
LENOVO,"Yoga Pro 9i Laptop, Intel Ultra 9-185H, 32 GB LPDDR5x RAM, 2 TB PCIe SSD, 16"" 3.2K (3200x2000), Nvidia G-Force RTX 4050, Touchscreen, W11 Home",6888.99,4.3,3,1
LENOVO,"V15 Gen2 15.6"" FHD Business & Home Laptop, Intel Celeron N4500 Processor, 16GB RAM, 1TB SSD, Numeric keypad, Wi-Fi, BT 5.1, Webcam, RJ-45, HDMI, Windows 11 Pro, w/Battery",1050.0,4.0,1,1
LENOVO,"15.6"" Laptop with Intel i5-1235U, IdeaPad 1i, 15.6"" FHD Anti-Glare Display, 12th Gen Intel Core i5-1235U 10-core Processor, Intel Iris Xe Graphics, Windows 11 Home(16GB RAM | 1TB SSD)",1669.0,3.8,379,0
LENOVO,"Legion 5 16IRX9 with AI chip, 16"" 2K 100% sRGB 165Hz display, Core i7-13650HX, 16GB RAM, 512GB SSD, RTX 4060 8GB GDDR6, RGB ENG ARB WIN11, LUNA GREY [83DG00CVAX] + 2YR PREMIUM CARE",4599.0,4.5,6,1
LENOVO,"ThinkPad E16 Gen 2, FHD+ 16"", Touchscreen, Intel Ultra 5-125U (Beats i7-1355U), 16GB RAM, 512GB NVMe, FPR, Backlit Keyboard, WiFi 6E + BT, RJ-45, FHD Webcam, Win 11 Pro, AI Business Laptop",3308.58,5.0,11,1
LENOVO,ThinkPad E16 GEN 1 21JTS09700 Laptop/Ryzen 7 7730U/16GB/512GB PCIe SSD/16.0 IPS Wide UXGA (1920x1200)/AMD Radeon/Windows 11 Pro,3200.0,5.0,4,1
LENOVO,"ThinkPad E14 Gen 5. Business Laptop 14"" FHD 300Nits Display 13thGen Core i7-13700H 16GB 1TB Intel Iris Xe Graphics FingerPrint WIN11 Pro Black Free WIRELESS Headset (UAE VERSION AND UPGRADED)",6172.0,8.2,24,2
LENOVO,ThinkPad E14 Gen 5 (2023) Notebook – 13th Gen Intel Core i5-1335U 14inch WUXGA 1TB SSD 16GB RAM / Shared Intel Iris Xe Graphics / Windows 11 Pro / English & Arabic Keyboard / Graphite,2445.0,4.6,3,1
LENOVO,"N23 11.6-inch IPS Anti-Glare Touchscreen 2-in-1 Business Laptop, Intel Celeron N3060, 4GB RAM, 128GB Solid State Drive, Windows 10 Professional",281.99,2.7,28,0
LENOVO,"Lenovo Legion Pro 5 16IRX8 16"" Gaming Notebook Computer, Intel Core i9-13900HX, 32GB RAM, 1TB SSD, NVIDIA GeForce RTX 4060, Windows 11 Home, Onyx Grey (Upgraded)",6675.0,4.6,3,1
LENOVO,"Legion Pro 7i Gaming Laptop, Intel i9-14900HX, 64 GB DDR5 Ram, 4 TB PCle SSD, 16"""" WQXGA (2560x1600), Nvidia Geforce RTX 4080, W11 Home, Black",12199.0,3.5,3,0
LENOVO,"Legion Pro 7i Gaming Laptop, 16"" WQHD IPS 240Hz Display, Intel Core i9-13900HX, GeForce RTX 4080, 64GB DDR5 RAM, 2TB SSD + 2TB SSD, Webcam, Per-Key RGB Backlit KB, Wi-Fi 6E, Windows 11 Home",11599.0,4.3,19,1
LENOVO,"Legion Pro 5i Gen 9 Gaming Laptop, Intel i9-14900HX, 64 GB DDR5 RAM, 4 TB PCIe SSD, 16"" WQXGA (2560x1600), Nvidia G-force RTX 4070, RGB Keyboard, W11 Home",10979.0,5.0,1,1
LENOVO,"Legion Pro 5i 16"""" WQXGA (2560 x 1600) Gaming Laptop - i9-13900HX (24-Core) Processor-GeForce RTX 4060 (TGP 140W), Win 11 Home, w/Mouse Pad (64GB RAM | 1TB PCIe SSD), Black",6902.0,4.7,10,1
LENOVO,"Legion Pro 5 16IRX9 Gaming Laptop With AI Chip, 16""WQXGA 240Hz Display, Intel Core i7-14700HX, 32GB RAM, 1TB SSD, RTX 4070 8GB, Win11, RGB Eng-Arabic, 2Yr Premium Care, Onyx Grey - [83DF0007AX]",8299.0,4.2,2,1
LENOVO,"Legion Gaming Laptop Bag, Double-Layered Protection, Dedicated Storage Pockets",242.62,4.5,389,1
LENOVO,"Legion 5i Gen 9 Gaming Laptop, Intel i9-14900HX, 64 GB DDR5 RAM, 4 TB PCIe SSD, 16"" WQXGA (2560x1600), Nvidia Geforce RTX 4070, W11 Home",8700.0,4.0,1,1
LENOVO,Legion 5i Gaming Laptop - NVIDIA GeForce RTX 4070 8G - 16” WQXGA Display - Intel Core i7-14650HX - 32GB RAM - 512GB SSD - Windows 11 Home - Luna Grey,8161.49,4.4,106,1
LENOVO,Legion 5 Pro 16IAH7 82S00003US 16 Gaming Notebook - WQXGA - 2560 x 1600 - Intel Core i7 12th Gen i7-12700H Tetradeca-core [14 Core] 2.30 GHz - 16 GB Total RAM - 512 GB SSD - Storm Gray,6583.29,3.7,5,0
LENOVO,"Legion 5 Gaming Laptop, 15.6"" WQHD 165 Hz display, Intel Core i7-12700H, 16GB RAM, 512GB SSD, NVIDIA RTX 3050Ti 4GB GDDR6, Windows 11 Home, RGB Eng-Arabic, Storm Grey - [82RC008QAX]",5178.0,3.3,10,0
LENOVO,"Legion 5 Gaming Laptop, 15.6"" FHD IPS 500nits 240Hz Dolby Vision, Core i7-10750H, Wi-Fi 6, White Backlit Keyboard, Webcam, USB-C, HDMI, GeForce RTX 2060, Windows 10, 16GB RAM, 512GB PCIe SSD",4606.66,5.0,2,1
LENOVO,"Legion 5 16IRX9 Gaming Laptop, AI-Enhanced LA1 AI Chip, 16” WQXGA (2560x1600) 165Hz, Intel® Core™ i9-14900HX, 32GB DDR5 RAM, 1TB SSD, NVIDIA® RTX™ 4070 8GB, Win11 Home – Luna Grey (83DG004EUS)",7445.0,5.0,3,1
LENOVO,"Legion 5 16IRX9 Gaming Laptop With AI Chip, 16""WQXGA 240Hz Display, Intel Core i7-14650HX, 16GB RAM, 1TB SSD, RTX 4070 8GB, Win11, RGB Eng-Arabic, 2Yr Premium Care, Luna Grey - [83DG002FAX]",5933.0,3.4,3,0
LENOVO,"Legion 16"" QHD+ i9 RTX 4070 Gaming Laptop, 16"" QHD+ (2560 x 1600) 165 Hz, Intel i9-14900HX, NVIDIA GeForce RTX 4070 (Boost Clock 2175MHz, TGP 140W), 64GB RAM, 2TB SSD, Windows 11 Home",8175.0,3.9,21,0
LENOVO,"Legion 16"" Gaming Backpack GB700",197.97,4.5,11,1
LENOVO,LOQ Gaming Laptop 2024 - RTX 4060 - AMD Ryzen 7 7435HS - 15.6inch FHD IPS Display 144Hz - 64GB RAM - 4TB PCIe SSD - Backlit Keyboard - Windows 11 - Computadora Gamer Laptop - HDMI Cable,5265.92,5.0,1,1
LENOVO,"LOQ 16IRH8 Gaming Laptop with AI, 16""WQXGA 165 Hz Display, Intel Core i7-13620H, 16GB RAM, 512GB SSD, RTX 4060 6GB GDDR6, Win11, RGB Eng-Arabic, Storm Grey - [82XW006LAX]",4140.0,3.8,10,0
LENOVO,"LOQ 15IRX9 Gaming Laptop with AI, 15.6""FHD 144 Hz Display, Intel Core i7-13650HX, 16GB RAM, 512GB SSD, RTX 4050 6GB GDDR6, Win11, RGB Eng-Arabic, Luna Grey - [83DV0007AX]",3432.0,3.3,4,0
LENOVO,"LOQ 15IRX9 Gaming Laptop with AI, 15.6"" FHD 144 Hz, Intel Core i7-13650HX, 16GB DDR5 RAM, 512 GB SSD, NVDIA RTX 4060 Win11 Pro, White Backlit-Eng, Luna Gray + Free NCTS RGB Cooling Pad",4024.0,5.0,1,1
LENOVO,"LOQ 15IAX9 Gaming Laptop with LA1 AI Chip, 15.6"" FHD 144Hz Display, Intel i5-12450HX, 12GB RAM, 512GB SSD, RTX 3050 , Backlit Eng KB, Win 11 Pro, Luna Grey",2455.0,5.0,1,1
LENOVO,LOQ 15 RTX4060 Gaming Laptop - AMD Ryzen7 7840HS - 15.6 144Hz FHD IPS Display - G-SYNC - Backlit Keyboard - Wi-Fi 6 - USB Type-C - Windows 11 - FHD Webcam - 2023 (64GB,5607.57,2.6,3,0
LENOVO,LOQ 15 Gaming Laptop RTX 4070 - AMD Ryzen 7 7435HS Beat i7-12650H- 15.6 FHD Display G-SYNC - Backlit Keyboard - USB Type-C - Windows 11 - Computadora Gamer (32GB DDR5 RAM |1TB PCIe SSD),5309.65,4.8,6,1
LENOVO,"IdeaPad Slim 5 16IRL8, Intel Core i7-1355U Processor|16gb DDR5 Ram|512GB SSD NVMe|16"" WUXGA IPS Touch screen Display|Backlit keyboard|Intel Iris XE Graphics|Fingerprint Reader|Windows 11",2449.0,4.0,3,1
LENOVO,"IdeaPad Slim 3i, 15.6” FHD Display, Intel Core i5-1335U, 16GB RAM, 512GB SSD, 1920x1080 px, Windows 11, Arctic Grey(NON BACKLIGHT)",1770.0,4.1,69,1
LENOVO,"IdeaPad Slim 3 15ABR8 Laptop | 15.6"" FHD AMD Ryzen™ 7 7730U (Up to 4.5Ghz), 16GB RAM, 512GB SSD, AMD Radeon™ Graphics | Camera FHD 1080p | Windows 11 Home/Arctic Grey (1 Year Lenovo Warranty)",1539.99,1.0,1,0
LENOVO,"IdeaPad Slim 3 14IRH8, Slim Laptop, 14""FHD Display, Intel Core i7-13620H, 16GB RAM, 512GB SSD, Intel UHD Graphics, Win11, Backlit Eng-Arabic, Arctic Grey - [83EL001XAX]",2280.0,4.0,2,1
LENOVO,"IdeaPad Gaming 3 15ARH7, Gaming Laptop, 15.6""FHD 120Hz Display, AMD Ryzen R7-7735HS, 16GB RAM, 512GB SSD, RTX 4050 6GB GDDR6, Win11, White Backlit Eng-Arabic, Onyx Grey - [82SB00N6AX]",3299.0,3.6,5,0
LENOVO,"IdeaPad Gaming 3 15.6"" Gaming Laptop 120Hz Ryzen 7-4800H 8GB RAM 512GB SSD GTX 1650 Ti 4GB - AMD Ryzen 7-4800H Octa-core - NVIDIA GeForce GTX 1650 Ti 4GB GDDR6-120Hz Refresh Rate - in-pl",4070.0,4.7,36,1
LENOVO,"IdeaPad 3 Laptop 10th Gen i5-1035G1, 14'' HD 1080p, 8GB DDR4, 512GB SSD Win 10 Home- Platinum Grey(Upgraded)",1699.0,4.1,505,1
LENOVO,"IdeaPad 3 Business and Student Essential Laptop,14'' Full HD Display, 8GB RAM, 512GB SSD Storage, Intel i3 Processor 13th Gen. (Up to 4.10 GHz), HDMI, Windows 11 in S, Gray",1499.0,4.4,95,1
LENOVO,"IdeaPad 3 14"" Laptop, 14.0"" FHD 1920 x 1080 Display, AMD Ryzen 5 3500U Processor, 8GB DDR4 RAM, 256GB SSD, AMD Radeon Vega 8 Graphics, Narrow Bezel, Windows 10, 81W0003QUS, Abyss Blue",1876.3,4.5,4446,1
LENOVO,"IdeaPad 1i Laptop 15.6"" FHD, 12th Gen Intel Core i5-1235U Processor Deca-core (10 Core), 16GB DDR4 RAM, 512GB PCIe NVMe SSD, HDMI, Webcam, Wi-Fi 6, Bluetooth, Windows 11 Home (Upgraded)",1799.0,2.5,4,0
LENOVO,"IdeaPad 1i Laptop 15.6"" FHD, 12th Gen Intel Core i5-1235U Processor Deca-core (10 Core), 16GB DDR4 RAM, 1TB PCIe NVMe SSD, HDMI, Webcam, Wi-Fi 6, Bluetooth, Windows 11 Home",1899.0,3.6,8,0
LENOVO,"IdeaPad 1 15IAU7, 15.6"" FHD Display, Intel Core i3-1215U, 8GB Ram, 256GB SSD, Intel Iris Xe Graphics, Win 11, English-Arabic, Cloud Grey - [82QD0049AX]",1124.0,3.8,39,0
LENOVO,"Gen 12 ThinkPad X1 Carbon (14"" FHD+ Touchscreen, Intel Core Ultra 7 165U vPro, 32GB / 1TB SSD), AI PC, Backlit, FP, IST Hub, 1080p Webcam, Win 11 Pro w/AI Copilot, Black, 21KC000MUS",5988.0,4.8,14,1
LENOVO,GX40Z24050 notebook case 39.6 cm (15.6) Backpack Black Blue,85.0,4.7,1325,1
LENOVO,"2024 Legion Gaming Laptop - 16"" WQXGA (2560 x 1600) Display- 14th Gen Intel Core i9-14900HX - GeForce RTX 4060 - Wi-Fi 6E- RGB Backlit Keyboard-W/Mouse Pad (64G RAM, 1TB PCIe SSD+Win 11 PRO)",6100.0,2.7,4,0
LENOVO,"2023 Latest Lenovo Legion Pro 5 Gaming Laptop 16"" WQXGA 165Hz Display Core i9-13900HX 24 Cores 32GB 2TB SSD NVIDIA RTX 4070 Graphics 8GB RGB Backlit Eng Key WIN11 Grey (Upgraded)",7853.9,5.0,2,1
LENOVO,"LOQ 15IRX9 Gaming Laptop - 13th Intel Core i7-13650HX 14 Cores, AI Chip:LA1, NVIDIA GeForce RTX 4050 6GB GDDR6 Graphics,16GB DDR5 RAM,1TB SSD,15.6"" FHD (1920x1080) IPS 300nits 144Hz,Luna _Grey",3490.0,2.5,3,0
LENOVO,"15.6"" Laptop with Intel i5-1235U, IdeaPad 1i, 15.6"" FHD Anti-Glare Display, 12th Gen Intel Core i5-1235U 10-core Processor, Intel Iris Xe Graphics, Windows 11 Home(16GB RAM | 1TB SSD) - Blue",1599.99,4.5,2,1
LENOVO,"Legion 5 16IRX9 with AI chip, 16"" 2K 100% sRGB 165Hz display, Core i7-13650HX, 16GB RAM, 512GB SSD, RTX 4060 8GB GDDR6, RGB ENG ARB WIN11, LUNA GREY [83DG00CVAX] + 2YR PREMIUM CARE",4599.0,4.5,6,1
LENOVO,"Yoga Slim7 14IMH9 AI PC, 14"" WUXGA OLED Display, Intel Core U7 155H, 32GB RAM, 1TBSSD, Intel NPU, Integrated Arc Graphics, Bcklit Eng-Ar KB, Win11, Luna Grey [83CV005WAX] + 2Yr Premium Care",4699.0,1.0,1,0
LENOVO,"LOQ 4060 Gaming Laptop 2024 - NVIDIA GeForce RTX 4060 - Ryzen 7 7435HS - 15.6"" FHD IPS Display - Backlit Keyboard - Windows 11 - G-SYNC - HDMI Cable (32GB RAM | 1TB PCIe SSD)",4494.88,3.8,5,0
LENOVO,"Yoga Pro 9i Laptop, Intel Ultra 9-185H, 32 GB LPDDR5x RAM, 2 TB PCIe SSD, 16"" 3.2K (3200x2000), Nvidia G-Force RTX 4050, Touchscreen, W11 Home",6888.99,4.3,3,1
LENOVO,"V15 Gen2 15.6"" FHD Business & Home Laptop, Intel Celeron N4500 Processor, 16GB RAM, 1TB SSD, Numeric keypad, Wi-Fi, BT 5.1, Webcam, RJ-45, HDMI, Windows 11 Pro, w/Battery",1050.0,4.0,1,1
LENOVO,"ThinkPad X1 Carbon Gen 11 Laptop, 14"" WUXGA IPS Touch Display, Intel Core i7-1365U vPro Processor, 32GB RAM, 1TB SSD, Intel Iris Xe, Backlit ENG Keyboard, Win11Pro, Deep Black | 21HM002GUS",6681.29,4.5,43,1
LENOVO,"Legion 16"" QHD+ i9 RTX 4070 Gaming Laptop, 16"" QHD+ (2560 x 1600) 165 Hz, Intel i9-14900HX, NVIDIA GeForce RTX 4070, 64GB RAM, 4TB SSD, RGB Backlit Keyboard, Windows 11 Home, Grey",8844.29,4.3,30,1
LENOVO,"N23 11.6-inch IPS Anti-Glare Touchscreen 2-in-1 Business Laptop, Intel Celeron N3060, 4GB RAM, 128GB Solid State Drive, Windows 10 Professional",281.99,2.7,28,0
LENOVO,"Legion Pro 7i Gen 9 Gaming Laptop, 16"" WQXGA IPS 500nits 240Hz, Intel 24-Core i9-14900HX, GeForce RTX 4080, 64 GB DDR5, 2 TB SSD, RGB Backlit, Win 11 Pro, with Microsoft Office Lifetime License",11599.0,5.0,1,1
LENOVO,"Legion Pro 7i Gaming Laptop, Intel i9-14900HX, 64 GB DDR5 Ram, 4 TB PCle SSD, 16"""" WQXGA (2560x1600), Nvidia Geforce RTX 4080, W11 Home, Black",12199.0,3.5,3,0
LENOVO,"Legion Pro 7i Gaming Laptop, 16"" WQHD IPS 240Hz Display, Intel Core i9-13900HX, GeForce RTX 4080, 64GB DDR5 RAM, 2TB SSD + 2TB SSD, Webcam, Per-Key RGB Backlit KB, Wi-Fi 6E, Windows 11 Home",11599.0,4.3,19,1
LENOVO,"Legion Pro 5i Gen 9 Gaming Laptop, Intel i9-14900HX, 64 GB DDR5 RAM, 4 TB PCIe SSD, 16"" WQXGA (2560x1600), Nvidia G-force RTX 4070, RGB Keyboard, W11 Home",10979.0,5.0,1,1
LENOVO,"Legion Pro 5i Gaming Laptop, 16"" WQHD IPS 165Hz Display, GeForce RTX 4070, Intel 13th Gen i9-13900HX, 64GB DDR5 RAM, 2TB SSD, Webcam, 4-Zone RGB Backlit KB, Wi-Fi 6E, Windows 11 Home",7950.0,4.1,24,1
LENOVO,"Legion Pro 5i 16"""" WQXGA (2560 x 1600) Gaming Laptop - i9-13900HX (24-Core) Processor-GeForce RTX 4060 (TGP 140W), Win 11 Home, w/Mouse Pad (64GB RAM | 1TB PCIe SSD), Black",6902.0,4.7,10,1
LENOVO,"Legion 9 16IRX9H with AI Chip, 16"" 3.2K Mini-LED 100% sRGB, 165Hz Display, Intel i9-14900HX, 64GB RAM, 1TB SSD, Nvidia RTX 4080 12GB, RGB Eng-Arb, Win11, Black - [83DE000BAX] + 2Yr Premium Care",16999.0,1.0,1,0
LENOVO,"Legion Gaming Laptop Bag, Double-Layered Protection, Dedicated Storage Pockets",242.62,4.5,389,1
LENOVO,"Legion 9 16IRX9H with AI Chip, 16"" 3.2K Mini-LED 100% sRGB, 165Hz Display, Intel i9-14900HX, 64GB RAM, 1TB SSD, Nvidia RTX 4080 12GB, RGB Eng-Arb, Win11, Black - [83DE000BAX] + 2Yr Premium Care",16999.0,1.0,1,0
LENOVO,Legion 5 Pro 16IAH7 82S00003US 16 Gaming Notebook - WQXGA - 2560 x 1600 - Intel Core i7 12th Gen i7-12700H Tetradeca-core [14 Core] 2.30 GHz - 16 GB Total RAM - 512 GB SSD - Storm Gray,6583.29,3.7,5,0
LENOVO,"Legion Pro 5i Gaming Laptop, 16"" WQHD IPS 165Hz Display, GeForce RTX 4070, Intel 13th Gen i9-13900HX, 64GB DDR5 RAM, 2TB SSD, Webcam, 4-Zone RGB Backlit KB, Wi-Fi 6E, Windows 11 Home",7950.0,4.1,24,1
LENOVO,"Legion 5 Gaming Laptop, 15.6"" WQHD 165 Hz display, Intel Core i7-12700H, 16GB RAM, 512GB SSD, NVIDIA RTX 3050Ti 4GB GDDR6, Windows 11 Home, RGB Eng-Arabic, Storm Grey - [82RC008QAX]",5178.0,3.3,10,0
LENOVO,"Legion 5 Gaming Laptop, 15.6"" FHD IPS 500nits 240Hz Dolby Vision, Core i7-10750H, Wi-Fi 6, White Backlit Keyboard, Webcam, USB-C, HDMI, GeForce RTX 2060, Windows 10, 16GB RAM, 512GB PCIe SSD",4606.66,5.0,2,1
LENOVO,"Legion 5 16IRX9 Gaming Laptop With AI Chip, 16""WQXGA 240Hz Display, Intel Core i7-14650HX, 16GB RAM, 1TB SSD, RTX 4070 8GB, Win11, RGB Eng-Arabic, 2Yr Premium Care, Luna Grey - [83DG002FAX]",5933.0,3.4,3,0
LENOVO,"Legion Pro 7i Gen 9 Gaming Laptop, 16"" WQXGA IPS 500nits 240Hz, Intel 24-Core i9-14900HX, GeForce RTX 4080, 64 GB DDR5, 2 TB SSD, RGB Backlit, Win 11 Pro, with Microsoft Office Lifetime License",11599.0,5.0,1,1
LENOVO,"Legion 16"" QHD+ i9 RTX 4070 Gaming Laptop, 16"" QHD+ (2560 x 1600) 165 Hz, Intel i9-14900HX, NVIDIA GeForce RTX 4070, 64GB RAM, 4TB SSD, RGB Backlit Keyboard, Windows 11 Home, Grey",8844.29,4.3,30,1
LENOVO,"Legion 16"" QHD+ i9 RTX 4070 Gaming Laptop, 16"" QHD+ (2560 x 1600) 165 Hz, Intel i9-14900HX, NVIDIA GeForce RTX 4070 (Boost Clock 2175MHz, TGP 140W), 64GB RAM, 2TB SSD, Windows 11 Home",8175.0,3.9,21,0
LENOVO,"Legion 16"" Gaming Backpack GB700",197.97,4.5,11,1
LENOVO,LOQ 15 RTX4060 Gaming Laptop - AMD Ryzen7 7840HS - 15.6 144Hz FHD IPS Display - G-SYNC - Backlit Keyboard - Wi-Fi 6 - USB Type-C - Windows 11 - FHD Webcam - 2023 (64GB,5607.57,2.6,3,0
LENOVO,"IdeaPad Slim 5 16IRL8, Intel Core i7-1355U Processor|16gb DDR5 Ram|512GB SSD NVMe|16"" WUXGA IPS Touch screen Display|Backlit keyboard|Intel Iris XE Graphics|Fingerprint Reader|Windows 11",2449.0,4.0,3,1
LENOVO,"IdeaPad Gaming 3 15.6"" Gaming Laptop 120Hz Ryzen 7-4800H 8GB RAM 512GB SSD GTX 1650 Ti 4GB - AMD Ryzen 7-4800H Octa-core - NVIDIA GeForce GTX 1650 Ti 4GB GDDR6-120Hz Refresh Rate - in-pl",4070.0,4.7,36,1
LENOVO,"ThinkPad X1 Carbon Gen 11 Laptop, 14"" WUXGA IPS Touch Display, Intel Core i7-1365U vPro Processor, 32GB RAM, 1TB SSD, Intel Iris Xe, Backlit ENG Keyboard, Win11Pro, Deep Black | 21HM002GUS",6681.29,4.5,43,1
LENOVO,"V15 G4 15.6"" FHD Business Laptop Computer, 13th Gen Intel Octa-Core i5-13420H up to 4.6GHz (Beat i7-1355U), 16GB DDR4 RAM, 512GB PCIe SSD, WiFi, Bluetooth 5.2, RJ-45, Windows 11 Pro, Befectoy",1525.0,4.2,32,1
LENOVO,"IdeaPad 3 Laptop 10th Gen i5-1035G1, 14'' HD 1080p, 8GB DDR4, 512GB SSD Win 10 Home- Platinum Grey(Upgraded)",1699.0,4.1,505,1
LENOVO,"IdeaPad 1i Laptop 15.6"" FHD, 12th Gen Intel Core i5-1235U Processor Deca-core (10 Core), 16GB DDR4 RAM, 1TB PCIe NVMe SSD, HDMI, Webcam, Wi-Fi 6, Bluetooth, Windows 11 Home",1899.0,3.6,8,0
LENOVO,"Yoga Slim7 14IMH9 AI PC, 14"" WUXGA OLED Display, Intel Core U7 155H, 32GB RAM, 1TBSSD, Intel NPU, Integrated Arc Graphics, Bcklit Eng-Ar KB, Win11, Luna Grey [83CV005WAX] + 2Yr Premium Care",4699.0,1.0,1,0
LENOVO,"15.6"" Laptop with Intel i5-1235U, IdeaPad 1i, 15.6"" FHD Anti-Glare Display, 12th Gen Intel Core i5-1235U 10-core Processor, Intel Iris Xe Graphics, Windows 11 Home(16GB RAM | 1TB SSD)",1669.0,3.8,379,0
LENOVO,"IdeaPad 1 15IAU7, 15.6"" FHD Display, Intel Core i3-1215U, 8GB Ram, 256GB SSD, Intel Iris Xe Graphics, Win 11, English-Arabic, Cloud Grey - [82QD0049AX]",1124.0,3.8,39,0
LENOVO,"IdeaPad Slim 3 15IRH8 Laptop | 15.6"" FHD Intel Core i7-13620H 16GB RAM 512GB SSD | Camera FHD 1080p | Windows 11/Arctic Grey(UPGRADE)",1970.0,4.0,65,1
LENOVO,Ideapad Gaming Modern Backpack,79.0,4.7,116,1
LENOVO,"LOQ 15ARP9 With AI Chip, 15.6"" FHD IPS 100% SRGB 144Hz Display, Ryzen 7 7435HS, 24GB RAM, 1TB SSD, RTX 4070 8GB GDDR6 GPU, Backlit Eng-Arb, Win11, Luna Grey - [83JC008CAX]",4379.0,3.0,1,0
LENOVO,GX40Z24050 notebook case 39.6 cm (15.6) Backpack Black Blue,85.0,4.7,1325,1
LENOVO,"2024 Legion Gaming Laptop - 16"" WQXGA (2560 x 1600) Display- 14th Gen Intel Core i9-14900HX - GeForce RTX 4060 - Wi-Fi 6E- RGB Backlit Keyboard-W/Mouse Pad (64G RAM, 1TB PCIe SSD+Win 11 PRO)",6100.0,2.7,4,0
LENOVO,"2023 Latest Lenovo Legion Pro 5 Gaming Laptop 16"" WQXGA 165Hz Display Core i9-13900HX 24 Cores 32GB 2TB SSD NVIDIA RTX 4070 Graphics 8GB RGB Backlit Eng Key WIN11 Grey (Upgraded)",7853.9,5.0,2,1
LENOVO,"LOQ Essential 15IAX9E Gaming Laptop (2025), Intel Core i7-12650HX, 16GB DDR5 Ram, 512GB SSD, Nvidia RTX 4050 6GB, 15.6"" FHD 144Hz 100% sRGB, Win11 Pro, Luna Grey, ENG-ARB Backlit [83LK001VAX]",2850.0,1.0,1,0
LENOVO,"Legion Slim 5 16ARP9 with AI chip, 16"" WQXGA 100% sRGB 165Hz, Ryzen 7 7435HS, 16GB RAM, 1TB SSD, RTX 4060 8GB GDDR6 GPU, 4-Zone RGB Eng-Arb, W11, Luna Grey - [83EX002GAX] + 2Y Premium Care",4599.0,5.0,1,1
LENOVO,"Legion 16"" Gaming Backpack GB700",197.97,4.5,11,1
LENOVO,"Legion 5 16IRX9 with AI chip, 16"" 2K 100% sRGB 165Hz display, Core i7-13650HX, 16GB RAM, 512GB SSD, RTX 4060 8GB GDDR6, RGB ENG ARB WIN11, LUNA GREY [83DG00CVAX] + 2YR PREMIUM CARE",4599.0,4.5,6,1
LENOVO,"Legion 9 16IRX9H with AI Chip, 16"" 3.2K Mini-LED 100% sRGB, 165Hz Display, Intel i9-14900HX, 64GB RAM, 1TB SSD, Nvidia RTX 4080 12GB, RGB Eng-Arb, Win11, Black - [83DE000BAX] + 2Yr Premium Care",16999.0,1.0,1,0
LENOVO,"Legion Pro 5i Gaming Laptop, Intel i9-14900HX, 64 GB DDR5 Ram, 2 TB PCle SSD, 16"""" WQXGA (2560x1600), Nvidia GeForce RTX 4060,W11 Home, Gray",6699.0,5.0,1,1
LENOVO,"Legion Pro 5 16IRX9 Gaming Laptop with LA1 AI Chip, 16” WQXGA (2560x1600) 240Hz, Intel i9-14900HX, 32GB DDR5 RAM, 1TB SSD, NVIDIA RTX 4070 8GB, RGB BL Eng/Ar KB, Win11 Pro, Onyx Grey",7500.0,3.5,3,0
LENOVO,"Legion Slim 5 16ARP9 with AI chip, 16"" WQXGA 100% sRGB 165Hz, Ryzen 7 7435HS, 16GB RAM, 1TB SSD, RTX 4060 8GB GDDR6 GPU, 4-Zone RGB Eng-Arb, W11, Luna Grey - [83EX002GAX] + 2Y Premium Care",4599.0,5.0,1,1
LENOVO,"Slim 7 Pro X Laptop: Ryzen 9 6900HS, RTX 3050, 32GB DDR5 RAM, 1TB SSD, 14.5'' Touchscreen IPS 3K (3072x1920) 120Hz Display, Windows 11 Gray",6499.0,3.7,30,0
LENOVO,"Legion Pro 5 16IRX9 - i7-14650HX 16Cores, AI Chip:LA1, NVIDIA GeForce RTX 4060 8GB GDDR6 Graphics, 16GB DDR5-5600Mhz RAM, 1TB SSD, 16"" WQXGA (2560x1600) IPS 500nits 240Hz, 4-Zone RGB Backlit",4938.9,4.8,5,1
LENOVO,"Yoga Slim7 14IMH9 AI PC, 14"" WUXGA OLED Display, Intel Core U7 155H, 32GB RAM, 1TBSSD, Intel NPU, Integrated Arc Graphics, Bcklit Eng-Ar KB, Win11, Luna Grey [83CV005WAX] + 2Yr Premium Care",4699.0,1.0,1,0
LENOVO,"Legion 5 16IRX9 with AI chip, 16"" 2K 100% sRGB 165Hz display, Core i7-13650HX, 16GB RAM, 512GB SSD, RTX 4060 8GB GDDR6, RGB ENG ARB WIN11, LUNA GREY [83DG00CVAX] + 2YR PREMIUM CARE",4599.0,4.5,6,1
